ID,PLACE_NAME,CATEGORY,INF,VAL_rcp85_5.0_2050_RL1,PCT_rcp85_5.0_2050_RL1,VAL_rcp85_5.0_2100_RL1,PCT_rcp85_5.0_2100_RL1,VAL_rcp85_5.0_2200_RL1,PCT_rcp85_5.0_2200_RL1,VAL_rcp85_50.0_2050_RL1,PCT_rcp85_50.0_2050_RL1,VAL_rcp85_50.0_2100_RL1,PCT_rcp85_50.0_2100_RL1,VAL_rcp85_50.0_2200_RL1,PCT_rcp85_50.0_2200_RL1,VAL_rcp85_95.0_2050_RL1,PCT_rcp85_95.0_2050_RL1,VAL_rcp85_95.0_2100_RL1,PCT_rcp85_95.0_2100_RL1,VAL_rcp85_95.0_2200_RL1,PCT_rcp85_95.0_2200_RL1,VAL_rcp85_99.0_2050_RL1,PCT_rcp85_99.0_2050_RL1,VAL_rcp85_99.0_2100_RL1,PCT_rcp85_99.0_2100_RL1,VAL_rcp85_99.0_2200_RL1,PCT_rcp85_99.0_2200_RL1
NC_County_37095,Hyde ,Population,5784,3428,59.3,4087,70.7,5443,94.1,3888,67.2,5108,88.3,5758,99.6,4140,71.6,5598,96.8,5782,100,4237,73.3,5724,99,5784,100
NC_County_37177,Tyrrell ,Population,4407,2399,54.4,3365,76.4,3963,89.9,3043,69,3743,84.9,4125,93.6,3445,78.2,4033,91.5,4173,94.7,3540,80.3,4099,93,4173,94.7
LA_County_22109,Terrebonne ,Population,111854,26979,24.1,52664,47.1,105652,94.5,31027,27.7,76657,68.5,110941,99.2,37823,33.8,97615,87.3,111017,99.3,40436,36.2,105009,93.9,111026,99.3
VA_County_51735,Poquoson city,Population,12150,2745,22.6,4720,38.8,9198,75.7,3743,30.8,7334,60.4,12091,99.5,4948,40.7,10488,86.3,12138,99.9,5505,45.3,11933,98.2,12149,100
LA_County_22023,Cameron ,Population,6833,2595,38,3824,56,5879,86,3007,44,5168,75.6,6522,95.4,3434,50.3,5897,86.3,6825,99.9,3775,55.2,6230,91.2,6829,99.9
FL_County_12087,Monroe ,Population,73008,6558,9,21404,29.3,51174,70.1,12008,16.4,44785,61.3,66243,90.7,21691,29.7,58894,80.7,72900,99.9,26810,36.7,63951,87.6,73003,100
NC_County_37029,Camden ,Population,9980,1644,16.5,2890,29,6573,65.9,2253,22.6,5191,52,8462,84.8,3123,31.3,7092,71.1,9865,98.8,3679,36.9,7857,78.7,9979,100
NC_County_37139,Pasquotank ,Population,40616,5508,13.6,9471,23.3,22413,55.2,7596,18.7,16698,41.1,35272,86.8,10183,25.1,26300,64.8,40500,99.7,11494,28.3,31368,77.2,40608,100
NC_County_37055,Dare ,Population,33918,8130,24,11365,33.5,19074,56.2,10165,30,15480,45.6,25931,76.5,11797,34.8,20723,61.1,30828,90.9,12678,37.4,23436,69.1,31981,94.3
LA_County_22095,St. John the Baptist ,Population,45486,2346,5.2,10484,23,30942,68,3474,7.6,19299,42.4,37063,81.5,5059,11.1,27311,60,45445,99.9,6541,14.4,30937,68,45472,100
NC_County_37053,Currituck ,Population,23547,4748,20.2,6493,27.6,12618,53.6,5645,24,9987,42.4,18620,79.1,6790,28.8,13825,58.7,22677,96.3,7362,31.3,16907,71.8,23534,99.9
LA_County_22007,Assumption ,Population,23421,6835,29.2,9258,39.5,11707,50,7747,33.1,10058,42.9,15739,67.2,8302,35.4,10949,46.7,22598,96.5,8558,36.5,11614,49.6,23404,99.9
VA_County_51115,Mathews ,Population,8978,951,10.6,1641,18.3,3444,38.4,1326,14.8,2745,30.6,5805,64.7,1736,19.3,3948,44,7568,84.3,1951,21.7,5119,57,7965,88.7
NJ_County_34009,Cape May ,Population,97226,10256,10.5,18639,19.2,37713,38.8,15705,16.2,32277,33.2,50788,52.2,20165,20.7,41337,42.5,71487,73.5,22710,23.4,45712,47,89040,91.6
AK_County_02270,Wade Hampton Census Area,Population,7459,1553,20.8,2009,26.9,2574,34.5,1958,26.3,2734,36.7,3435,46.1,2395,32.1,3168,42.5,3754,50.3,2549,34.2,3400,45.6,3942,52.8
MD_County_24039,Somerset ,Population,26459,5717,21.6,7372,27.9,9829,37.1,6838,25.8,8762,33.1,13203,49.9,7472,28.2,10602,40.1,19468,73.6,7739,29.2,11201,42.3,25007,94.5
LA_County_22093,St. James ,Population,22032,1753,8,4390,19.9,11114,50.4,2102,9.5,6385,29,16402,74.4,2554,11.6,8521,38.7,21416,97.2,2834,12.9,10801,49,21981,99.8
LA_County_22089,St. Charles ,Population,51677,11903,23,16515,32,20898,40.4,13252,25.6,18034,34.9,23395,45.3,14973,29,19083,36.9,24104,46.6,15427,29.9,20926,40.5,24139,46.7
LA_County_22113,Vermilion ,Population,57999,3654,6.3,9815,16.9,26240,45.2,4640,8,14398,24.8,40022,69,5902,10.2,20144,34.7,52906,91.2,6947,12,25609,44.2,56699,97.8
MD_County_24047,Worcester ,Population,51390,2184,4.2,4910,9.6,15154,29.5,3648,7.1,11758,22.9,22615,44,5732,11.2,17312,33.7,30381,59.1,7055,13.7,20213,39.3,36863,71.7
NC_County_37137,Pamlico ,Population,13136,1015,7.7,1561,11.9,3764,28.7,1306,9.9,2764,21,6315,48.1,1685,12.8,4430,33.7,8860,67.4,1902,14.5,5540,42.2,9412,71.7
LA_County_22101,St. Mary ,Population,54641,3844,7,10287,18.8,20127,36.8,6213,11.4,12882,23.6,23483,43,7507,13.7,17293,31.6,24173,44.2,8349,15.3,19362,35.4,24175,44.2
GA_County_13127,Glynn ,Population,79611,6138,7.7,7512,9.4,16549,20.8,6909,8.7,10961,13.8,35732,44.9,7756,9.7,25036,31.4,62347,78.3,8311,10.4,31764,39.9,73167,91.9
LA_County_22057,Lafourche ,Population,96198,7289,7.6,16158,16.8,32998,34.3,8942,9.3,22074,22.9,45378,47.2,10497,10.9,28357,29.5,47325,49.2,12606,13.1,32513,33.8,47327,49.2
NJ_County_34033,Salem ,Population,66083,4978,7.5,7766,11.8,15546,23.5,6741,10.2,12861,19.5,24977,37.8,8537,12.9,19068,28.9,33135,50.1,9639,14.6,22958,34.7,36859,55.8
WA_County_53027,Grays Harbor ,Population,72797,5928,8.1,16371,22.5,18007,24.7,15667,21.5,18446,25.3,22913,31.5,16597,22.8,20865,28.7,30131,41.4,17128,23.5,22533,31,32097,44.1
VA_County_51650,Hampton city,Population,137373,2965,2.2,6137,4.5,31229,22.7,4276,3.1,17891,13,75376,54.9,6253,4.6,38884,28.3,117456,85.5,7790,5.7,59301,43.2,133472,97.2
NC_County_37143,Perquimans ,Population,13453,679,5,1016,7.6,3052,22.7,851,6.3,1908,14.2,6527,48.5,1071,8,3721,27.7,12915,96,1203,8.9,5086,37.8,13141,97.7
NJ_County_34001,Atlantic ,Population,274441,11619,4.2,30988,11.3,69285,25.2,24414,8.9,58948,21.5,82250,30,36339,13.2,75877,27.6,94164,34.3,41747,15.2,80465,29.3,112229,40.9
SC_County_45019,Charleston ,Population,349905,15269,4.4,30519,8.7,78283,22.4,22297,6.4,57673,16.5,145418,41.6,30519,8.7,92674,26.5,243440,69.6,35773,10.2,122174,34.9,287796,82.2
NC_County_37031,Carteret ,Population,66426,3250,4.9,5552,8.4,13303,20,4645,7,10379,15.6,23873,35.9,6204,9.3,16762,25.2,36860,55.5,7228,10.9,21269,32,48854,73.5
VA_County_51001,Accomack ,Population,33153,3753,11.3,5524,16.7,7825,23.6,4923,14.8,6969,21,9328,28.1,5731,17.3,8334,25.1,11743,35.4,6029,18.2,9003,27.2,15014,45.3
VA_County_51710,Norfolk city,Population,242751,5428,2.2,10227,4.2,39672,16.3,7708,3.2,22350,9.2,142487,58.7,10567,4.4,58929,24.3,241185,99.4,13030,5.4,101500,41.8,242266,99.8
LA_County_22005,Ascension ,Population,106907,2884,2.7,10520,9.8,32620,30.5,4251,4,16339,15.3,48157,45,5454,5.1,24726,23.1,83171,77.8,7067,6.6,31841,29.8,103022,96.4
FL_County_12015,Charlotte ,Population,159976,866,0.5,2848,1.8,18015,11.3,1567,1,11019,6.9,65102,40.7,3141,2,36433,22.8,120570,75.4,4308,2.7,55539,34.7,138964,86.9
SC_County_45013,Beaufort ,Population,161938,6428,4,12753,7.9,32825,20.3,8587,5.3,24271,15,51875,32,12753,7.9,36698,22.7,97154,60,14704,9.1,44810,27.7,136849,84.5
AK_County_02188,Northwest Arctic Borough,Population,7523,826,11,910,12.1,1060,14.1,899,12,1178,15.7,2615,34.8,996,13.2,1684,22.4,4409,58.6,1048,13.9,2440,32.4,4987,66.3
FL_County_12086,Miami-Dade ,Population,2432190,7486,0.3,49263,2,245733,10.1,23332,1,162120,6.7,1636221,67.3,51624,2.1,526279,21.6,2388296,98.2,70199,2.9,1205154,49.6,2429956,99.9
MA_County_25025,Suffolk ,Population,722023,6463,0.9,13719,1.9,117542,16.3,11018,1.5,93482,12.9,179620,24.9,20789,2.9,155228,21.5,231541,32.1,25969,3.6,175613,24.3,275589,38.2
FL_County_12109,St. Johns ,Population,188262,3924,2.1,13066,6.9,31743,16.9,7603,4,24898,13.2,52313,27.8,13912,7.4,39662,21.1,82746,44,16570,8.8,47795,25.4,109757,58.3
NC_County_37013,Beaufort ,Population,47757,2405,5,4429,9.3,8586,18,3557,7.4,6792,14.2,15150,31.7,4719,9.9,9755,20.4,24657,51.6,5171,10.8,12390,25.9,27864,58.3
VA_County_51740,Portsmouth city,Population,95535,779,0.8,1923,2,14592,15.3,1096,1.1,7195,7.5,44795,46.9,2065,2.2,18825,19.7,92949,97.3,2558,2.7,33038,34.6,95416,99.9
AK_County_02050,Bethel Census Area,Population,17013,1991,11.7,2343,13.8,2726,16,2299,13.5,2926,17.2,3717,21.8,2553,15,3340,19.6,5398,31.7,2687,15.8,3647,21.4,8019,47.1
TX_County_48007,Aransas ,Population,23158,347,1.5,1161,5,4578,19.8,516,2.2,2382,10.3,8944,38.6,807,3.5,4491,19.4,16577,71.6,1023,4.4,6285,27.1,22663,97.9
NC_County_37187,Washington ,Population,13228,449,3.4,833,6.3,2068,15.6,660,5,1499,11.3,4000,30.2,891,6.7,2478,18.7,8653,65.4,1009,7.6,3331,25.2,11049,83.5
FL_County_12011,Broward ,Population,1655598,5935,0.4,19857,1.2,139241,8.4,11290,0.7,79578,4.8,965201,58.3,20460,1.2,303059,18.3,1561479,94.3,28588,1.7,782288,47.3,1649148,99.6
FL_County_12103,Pinellas ,Population,916420,10908,1.2,29292,3.2,115783,12.6,18872,2.1,81599,8.9,218764,23.9,30224,3.3,157817,17.2,370534,40.4,37360,4.1,194501,21.2,529060,57.7
MD_County_24019,Dorchester ,Population,32608,2563,7.9,3696,11.3,5146,15.8,3218,9.9,4717,14.5,6541,20.1,3790,11.6,5420,16.6,15666,48,4035,12.4,5975,18.3,22367,68.6
LA_County_22045,Iberia ,Population,73234,2289,3.1,5681,7.8,15470,21.1,2933,4,8286,11.3,26355,36,3691,5,12081,16.5,66464,90.8,4081,5.6,15091,20.6,71167,97.2
LA_County_22103,St. Tammany ,Population,216134,5752,2.7,18088,8.4,44494,20.6,7433,3.4,25564,11.8,70106,32.4,11259,5.2,35138,16.3,116320,53.8,12256,5.7,44733,20.7,151602,70.1
FL_County_12021,Collier ,Population,317932,1433,0.5,3380,1.1,25341,8,2219,0.7,15130,4.8,90288,28.4,3657,1.2,51235,16.1,255002,80.2,4695,1.5,75936,23.9,290742,91.4
TX_County_48167,Galveston ,Population,291309,5142,1.8,14793,5.1,48040,16.5,7420,2.5,23947,8.2,119584,41.1,10798,3.7,43691,15,199005,68.3,12294,4.2,94146,32.3,248460,85.3
CA_County_06081,San Mateo ,Population,718451,47477,6.6,70021,9.7,90150,12.5,58411,8.1,90408,12.6,119734,16.7,70308,9.8,106958,14.9,161706,22.5,72308,10.1,116678,16.2,200022,27.8
VA_County_51550,Chesapeake city,Population,221576,4704,2.1,9462,4.3,28584,12.9,6693,3,18693,8.4,64295,29,10010,4.5,33090,14.9,144414,65.2,11690,5.3,48931,22.1,219881,99.2
GA_County_13029,Bryan ,Population,30233,1203,4,1643,5.4,3679,12.2,1437,4.8,2511,8.3,8055,26.6,1643,5.4,4381,14.5,18878,62.4,1761,5.8,5917,19.6,20401,67.5
VA_County_51810,Virginia Beach city,Population,436497,5854,1.3,10910,2.5,51133,11.7,7774,1.8,27964,6.4,136685,31.3,11275,2.6,61909,14.2,336420,77.1,13722,3.1,95099,21.8,420765,96.4
FL_County_12071,Lee ,Population,613921,2630,0.4,6638,1.1,39721,6.5,4233,0.7,23736,3.9,178529,29.1,7113,1.2,85868,14,371822,60.6,9352,1.5,143922,23.4,506321,82.5
GA_County_13051,Chatham ,Population,265106,9080,3.4,14158,5.3,31208,11.8,11402,4.3,23227,8.8,62221,23.5,14158,5.3,36378,13.7,152219,57.4,15798,6,49478,18.7,218783,82.5
VA_County_51073,Gloucester ,Population,36856,1446,3.9,2250,6.1,4421,12,1904,5.2,3503,9.5,6857,18.6,2357,6.4,4989,13.5,8518,23.1,2601,7.1,5970,16.2,10465,28.4
WA_County_53049,Pacific ,Population,20911,542,2.6,773,3.7,1810,8.7,654,3.1,1997,9.5,3683,17.6,823,3.9,2813,13.5,8175,39.1,1120,5.4,3632,17.4,12522,59.9
NJ_County_34029,Ocean ,Population,576370,15773,2.7,33973,5.9,69024,12,28056,4.9,59476,10.3,93415,16.2,40094,7,76962,13.4,133030,23.1,45678,7.9,87009,15.1,167461,29.1
NJ_County_34017,Hudson ,Population,634167,5124,0.8,7918,1.2,63547,10,7293,1.2,54024,8.5,107000,16.9,32820,5.2,82694,13,146157,23,35403,5.6,100746,15.9,179298,28.3
CA_County_06041,Marin ,Population,252323,16541,6.6,21966,8.7,27445,10.9,18583,7.4,26229,10.4,39120,15.5,21607,8.6,32853,13,52947,21,22333,8.9,36848,14.6,63777,25.3
TX_County_48361,Orange ,Population,81822,611,0.7,1518,1.9,9927,12.1,854,1,3943,4.8,28332,34.6,1230,1.5,10494,12.8,50760,62,1455,1.8,17496,21.4,71487,87.4
MS_County_28045,Hancock ,Population,43929,1792,4.1,3160,7.2,6393,14.6,2098,4.8,4206,9.6,9841,22.4,2411,5.5,5520,12.6,19541,44.5,2597,5.9,6437,14.7,24504,55.8
LA_County_22047,Iberville ,Population,33370,712,2.1,1966,5.9,6139,18.4,889,2.7,2856,8.6,11071,33.2,1259,3.8,4199,12.6,20504,61.4,1418,4.2,5900,17.7,32889,98.6
OR_County_41007,Clatsop ,Population,37027,997,2.7,1089,2.9,1197,3.2,1063,2.9,3464,9.4,5526,14.9,1165,3.1,4551,12.3,11123,30,1214,3.3,5635,15.2,14318,38.7
NY_County_36059,Nassau ,Population,1339231,24426,1.8,43778,3.3,119426,8.9,40374,3,100635,7.5,188452,14.1,59156,4.4,160461,12,250608,18.7,71772,5.4,183146,13.7,334001,24.9
GA_County_13039,Camden ,Population,50498,1324,2.6,1960,3.9,4482,8.9,1678,3.3,3374,6.7,10427,20.6,2064,4.1,5832,11.5,26592,52.7,2336,4.6,8462,16.8,42414,84
GA_County_13191,McIntosh ,Population,14331,617,4.3,822,5.7,1425,9.9,717,5,1151,8,2682,18.7,829,5.8,1610,11.2,6363,44.4,897,6.3,2132,14.9,11575,80.8
MD_County_24041,Talbot ,Population,37777,484,1.3,1020,2.7,3123,8.3,783,2.1,2118,5.6,7669,20.3,1094,2.9,4157,11,11691,30.9,1285,3.4,6448,17.1,15418,40.8
VA_County_51199,York ,Population,65464,1155,1.8,2228,3.4,5440,8.3,1703,2.6,3987,6.1,12655,19.3,2393,3.7,6733,10.3,20904,31.9,2734,4.2,10348,15.8,25062,38.3
MD_County_24035,Queen Anne's ,Population,47790,854,1.8,1534,3.2,3958,8.3,1260,2.6,2975,6.2,8118,17,1721,3.6,4938,10.3,20613,43.1,1964,4.1,6658,13.9,27379,57.3
FL_County_12081,Manatee ,Population,322652,6925,2.1,12391,3.8,25007,7.8,9742,3,20508,6.4,47725,14.8,12625,3.9,32348,10,98096,30.4,14097,4.4,40515,12.6,206528,64
DE_County_10005,Sussex ,Population,197136,4709,2.4,8356,4.2,16890,8.6,6926,3.5,13770,7,26961,13.7,9041,4.6,19660,10,46604,23.6,10167,5.2,23909,12.1,71067,36
AK_County_02220,Sitka City and Borough,Population,8859,727,8.2,728,8.2,696,7.9,739,8.3,780,8.8,903,10.2,759,8.6,877,9.9,1459,16.5,778,8.8,986,11.1,2082,23.5
FL_County_12037,Franklin ,Population,11542,177,1.5,293,2.5,698,6,243,2.1,598,5.2,1895,16.4,330,2.9,1115,9.7,6004,52,389,3.4,1620,14,10280,89.1
VA_County_51131,Northampton ,Population,12384,135,1.1,242,2,985,8,196,1.6,607,4.9,1708,13.8,261,2.1,1190,9.6,3064,24.7,294,2.4,1514,12.2,4520,36.5
FL_County_12089,Nassau ,Population,73299,1416,1.9,2255,3.1,5633,7.7,1841,2.5,4276,5.8,10774,14.7,2408,3.3,6899,9.4,26778,36.5,2760,3.8,9097,12.4,45201,61.7
VA_County_51103,Lancaster ,Population,11391,342,3,510,4.5,909,8,442,3.9,737,6.5,1501,13.2,531,4.7,1031,9.1,2256,19.8,576,5.1,1304,11.4,3412,30
AK_County_02180,Nome Census Area,Population,9221,340,3.7,439,4.8,511,5.5,432,4.7,540,5.9,1069,11.6,484,5.2,786,8.5,1837,19.9,507,5.5,1013,11,2919,31.7
VA_County_51133,Northumberland ,Population,12328,279,2.3,408,3.3,846,6.9,352,2.9,616,5,1885,15.3,421,3.4,1040,8.4,4444,36,453,3.7,1537,12.5,5540,44.9
AK_County_02185,North Slope Borough,Population,9430,411,4.4,465,4.9,636,6.7,456,4.8,618,6.6,1014,10.8,537,5.7,789,8.4,2033,21.6,563,6,910,9.7,4384,46.5
RI_County_44001,Bristol ,Population,49875,700,1.4,1172,2.3,2835,5.7,1091,2.2,2451,4.9,5986,12,1517,3,4118,8.3,12660,25.4,1803,3.6,5648,11.3,19200,38.5
GA_County_13179,Liberty ,Population,63404,387,0.6,609,1,4748,7.5,463,0.7,3735,5.9,7048,11.1,609,1,5222,8.2,11015,17.4,745,1.2,6130,9.7,13709,21.6
SC_County_45043,Georgetown ,Population,59918,1037,1.7,1697,2.8,3926,6.6,1410,2.4,2994,5,8213,13.7,1804,3,4900,8.2,22637,37.8,2063,3.4,6758,11.3,41655,69.5
NC_County_37049,Craven ,Population,103165,1394,1.4,1995,1.9,5824,5.6,1741,1.7,4168,4,13751,13.3,2284,2.2,8065,7.8,30541,29.6,2615,2.5,11364,11,49165,47.7
AK_County_02198,Prince of Wales-Hyder Census Area,Population,5163,345,6.7,353,6.8,353,6.8,352,6.8,369,7.1,437,8.5,354,6.9,397,7.7,564,10.9,363,7,438,8.5,740,14.3
FL_County_12115,Sarasota ,Population,379341,2127,0.6,5643,1.5,20230,5.3,3430,0.9,15044,4,45115,11.9,5837,1.5,28477,7.5,143775,37.9,7541,2,37518,9.9,236964,62.5
AK_County_02070,Dillingham Census Area,Population,4847,102,2.1,112,2.3,133,2.7,108,2.2,189,3.9,618,12.8,119,2.5,360,7.4,1189,24.5,126,2.6,571,11.8,1360,28.1
WA_County_53069,Wahkiakum ,Population,3978,140,3.5,157,3.9,171,4.3,152,3.8,205,5.2,430,10.8,165,4.1,296,7.4,605,15.2,175,4.4,438,11,723,18.2
FL_County_12017,Citrus ,Population,141204,1995,1.4,3554,2.5,7761,5.5,2864,2,6669,4.7,14144,10,3801,2.7,10349,7.3,25601,18.1,4346,3.1,12961,9.2,30769,21.8
MD_County_24029,Kent ,Population,20196,251,1.2,492,2.4,1192,5.9,403,2,924,4.6,2030,10.1,546,2.7,1448,7.2,3443,17,627,3.1,1807,8.9,4800,23.8
FL_County_12131,Walton ,Population,55035,513,0.9,881,1.6,2478,4.5,733,1.3,2035,3.7,6656,12.1,998,1.8,3934,7.1,13161,23.9,1192,2.2,5808,10.6,18769,34.1
NC_County_37041,Chowan ,Population,14793,304,2.1,448,3,932,6.3,373,2.5,698,4.7,1913,12.9,462,3.1,1053,7.1,7994,54,514,3.5,1440,9.7,11680,79
HI_County_15003,Honolulu ,Population,951180,598,0.1,1564,0.2,16116,1.7,846,0.1,13935,1.5,123419,13,1355,0.1,66743,7,484942,51,1925,0.2,103140,10.8,535452,56.3
FL_County_12061,Indian River ,Population,138013,454,0.3,825,0.6,4156,3,649,0.5,2488,1.8,20222,14.7,984,0.7,9666,7,32291,23.4,1238,0.9,17385,12.6,44098,32
FL_County_12045,Gulf ,Population,15835,71,0.4,128,0.8,561,3.5,105,0.7,430,2.7,2481,15.7,164,1,1106,7,6368,40.2,198,1.3,1906,12,7787,49.2
FL_County_12009,Brevard ,Population,543364,1647,0.3,4580,0.8,19858,3.7,2712,0.5,12812,2.4,76177,14,5535,1,37499,6.9,128098,23.6,6898,1.3,62305,11.5,184970,34
FL_County_12127,Volusia ,Population,494245,2184,0.4,4769,1,18525,3.7,3452,0.7,13914,2.8,73387,14.8,5709,1.2,33028,6.7,161101,32.6,7310,1.5,53928,10.9,193801,39.2
FL_County_12085,Martin ,Population,146301,853,0.6,1503,1,5423,3.7,1196,0.8,3596,2.5,21298,14.6,1667,1.1,9725,6.6,65521,44.8,1996,1.4,16641,11.4,122006,83.4
LA_County_22099,St. Martin ,Population,52152,1638,3.1,2068,4,4593,8.8,1718,3.3,2541,4.9,9929,19,1823,3.5,3468,6.6,27500,52.7,1873,3.6,4456,8.5,49846,95.6
NY_County_36047,Kings ,Population,2504700,557,0,8094,0.3,83444,3.3,5329,0.2,56759,2.3,251938,10.1,15540,0.6,162177,6.5,529823,21.2,27233,1.1,224232,9,759631,30.3
LA_County_22019,Calcasieu ,Population,192768,3789,2,4961,2.6,11923,6.2,4197,2.2,6798,3.5,40321,20.9,4667,2.4,12308,6.4,142634,74,4922,2.6,20466,10.6,171739,89.1
FL_County_12035,Flagler ,Population,95621,1122,1.2,1780,1.9,4430,4.6,1474,1.5,3183,3.3,10306,10.8,1960,2,6089,6.4,21092,22.1,2285,2.4,8245,8.6,31929,33.4
CA_County_06077,San Joaquin ,Population,670301,8654,1.3,10069,1.5,11668,1.7,9480,1.4,11767,1.8,72563,10.8,10152,1.5,41775,6.2,197766,29.5,10476,1.6,69641,10.4,277115,41.3
VA_County_51119,Middlesex ,Population,10959,211,1.9,289,2.6,570,5.2,252,2.3,460,4.2,1030,9.4,301,2.7,654,6,1810,16.5,332,3,862,7.9,2864,26.1
AK_County_02105,Hoonah-Angoon Census Area,Population,2150,120,5.6,105,4.9,59,2.7,122,5.7,111,5.2,89,4.1,124,5.8,122,5.7,137,6.4,125,5.8,129,6,205,9.5
FL_County_12031,Duval ,Population,861524,8719,1,13504,1.6,33832,3.9,10977,1.3,25332,2.9,80260,9.3,13916,1.6,46975,5.5,181853,21.1,16152,1.9,66332,7.7,338200,39.3
FL_County_12005,Bay ,Population,168837,928,0.5,1722,1,5417,3.2,1393,0.8,4259,2.5,16431,9.7,2003,1.2,9121,5.4,43761,25.9,2407,1.4,13950,8.3,80762,47.8
MS_County_28059,Jackson ,Population,139562,1643,1.2,2749,2,6185,4.4,2101,1.5,4565,3.3,15635,11.2,2677,1.9,7579,5.4,51883,37.2,3022,2.2,10735,7.7,89626,64.2
FL_County_12029,Dixie ,Population,16421,291,1.8,469,2.9,748,4.6,401,2.4,694,4.2,1073,6.5,496,3,881,5.4,1596,9.7,543,3.3,1009,6.1,2899,17.7
LA_County_22063,Livingston ,Population,127839,2568,2,4131,3.2,8277,6.5,2865,2.2,5238,4.1,12492,9.8,3205,2.5,6744,5.3,19355,15.1,3425,2.7,8068,6.3,24415,19.1
LA_County_22053,Jefferson Davis ,Population,31594,269,0.9,506,1.6,1646,5.2,350,1.1,866,2.7,4438,14,437,1.4,1679,5.3,9293,29.4,498,1.6,2695,8.5,18813,59.5
NC_County_37141,Pender ,Population,52217,965,1.8,1320,2.5,2324,4.5,1186,2.3,1950,3.7,3580,6.9,1414,2.7,2722,5.2,7054,13.5,1548,3,3228,6.2,13470,25.8
HI_County_15009,Maui ,Population,154728,5352,3.5,5491,3.5,6545,4.2,5382,3.5,6152,4,66483,43,5445,3.5,7930,5.1,75711,48.9,5499,3.6,9849,6.4,80838,52.2
MA_County_25017,Middlesex ,Population,1503085,162,0,425,0,54541,3.6,362,0,46812,3.1,93963,6.3,1477,0.1,74953,5,140133,9.3,12292,0.8,91262,6.1,182690,12.2
NJ_County_34025,Monmouth ,Population,630094,6492,1,11201,1.8,25887,4.1,9740,1.5,20525,3.3,62223,9.9,13071,2.1,30920,4.9,106557,16.9,15030,2.4,55926,8.9,154451,24.5
SC_County_45053,Jasper ,Population,24777,432,1.7,644,2.6,1084,4.4,555,2.2,873,3.5,1981,8,644,2.6,1208,4.9,6769,27.3,690,2.8,1573,6.3,11267,45.5
NY_County_36081,Queens ,Population,2230707,9996,0.4,25009,1.1,79535,3.6,22004,1,64189,2.9,144069,6.5,37790,1.7,107419,4.8,225547,10.1,45665,2,136210,6.1,389224,17.4
TX_County_48321,Matagorda ,Population,36702,488,1.3,1025,2.8,2005,5.5,627,1.7,1351,3.7,5058,13.8,803,2.2,1750,4.8,7948,21.7,880,2.4,2224,6.1,8869,24.2
TX_County_48057,Calhoun ,Population,21375,46,0.2,155,0.7,1070,5,76,0.4,418,2,3020,14.1,112,0.5,1036,4.8,6975,32.6,137,0.6,1882,8.8,19230,90
FL_County_12101,Pasco ,Population,464603,3322,0.7,6531,1.4,16510,3.6,4881,1.1,13242,2.9,34300,7.4,6668,1.4,21338,4.6,79253,17.1,7948,1.7,27512,5.9,141004,30.3
TX_County_48039,Brazoria ,Population,313151,1709,0.5,3296,1.1,19107,6.1,2186,0.7,6024,1.9,34077,10.9,2597,0.8,14379,4.6,60107,19.2,2770,0.9,22034,7,78292,25
FL_County_12129,Wakulla ,Population,30776,226,0.7,414,1.3,996,3.2,331,1.1,855,2.8,2164,7,468,1.5,1417,4.6,4415,14.3,560,1.8,1944,6.3,16697,54.3
NY_County_36103,Suffolk ,Population,1493335,16290,1.1,26436,1.8,54544,3.7,24397,1.6,47687,3.2,85427,5.7,32902,2.2,66990,4.5,149812,10,37318,2.5,80114,5.4,230136,15.4
FL_County_12057,Hillsborough ,Population,1228717,3493,0.3,7340,0.6,33282,2.7,5069,0.4,20137,1.6,107363,8.7,7497,0.6,55770,4.5,197165,16,8948,0.7,84749,6.9,291493,23.7
NY_County_36085,Richmond ,Population,468730,716,0.2,1133,0.2,15103,3.2,1046,0.2,3912,0.8,32418,6.9,1893,0.4,20890,4.5,57698,12.3,2309,0.5,28763,6.1,87715,18.7
NC_County_37129,New Hanover ,Population,202648,1992,1,3166,1.6,7383,3.6,2730,1.3,6007,3,14107,7,3837,1.9,9156,4.5,30257,14.9,4400,2.2,12104,6,57342,28.3
HI_County_15005,Kalawao ,Population,90,4,4.4,4,4.4,4,4.4,4,4.4,4,4.4,5,5.6,4,4.4,4,4.4,7,7.8,4,4.4,4,4.4,10,11.1
NY_County_36061,New York ,Population,1585873,1259,0.1,3001,0.2,38780,2.4,2143,0.1,17611,1.1,135695,8.6,3958,0.2,68033,4.3,305059,19.2,6690,0.4,119439,7.5,490600,30.9
AK_County_02275,Wrangell City and Borough,Population,2364,73,3.1,76,3.2,77,3.3,75,3.2,84,3.6,109,4.6,78,3.3,99,4.2,180,7.6,80,3.4,112,4.7,270,11.4
NJ_County_34003,Bergen ,Population,905071,10784,1.2,14666,1.6,28092,3.1,13748,1.5,23452,2.6,45118,5,17010,1.9,35953,4,63576,7,18763,2.1,42816,4.7,85231,9.4
MA_County_25001,Barnstable ,Population,215878,1184,0.5,1947,0.9,5573,2.6,1757,0.8,4557,2.1,12556,5.8,2558,1.2,8529,4,27905,12.9,2990,1.4,11693,5.4,45668,21.2
NC_County_37019,Brunswick ,Population,107387,1213,1.1,1908,1.8,3587,3.3,1619,1.5,2969,2.8,6399,6,2066,1.9,4315,4,14681,13.7,2307,2.1,5515,5.1,31865,29.7
NC_County_37073,Gates ,Population,12197,233,1.9,313,2.6,465,3.8,273,2.2,408,3.3,611,5,320,2.6,489,4,1093,9,341,2.8,554,4.5,2010,16.5
VA_County_51057,Essex ,Population,11151,126,1.1,244,2.2,412,3.7,178,1.6,360,3.2,651,5.8,257,2.3,447,4,1017,9.1,285,2.6,532,4.8,1900,17
VA_County_51101,King William ,Population,15935,184,1.2,269,1.7,509,3.2,230,1.4,386,2.4,1561,9.8,282,1.8,629,3.9,2323,14.6,304,1.9,1106,6.9,2921,18.3
CT_County_09001,Fairfield ,Population,916808,5000,0.5,9780,1.1,26399,2.9,9207,1,23062,2.5,41971,4.6,14209,1.5,34662,3.8,74532,8.1,16870,1.8,40363,4.4,112152,12.2
VA_County_51193,Westmoreland ,Population,17454,164,0.9,243,1.4,552,3.2,205,1.2,404,2.3,1535,8.8,251,1.4,661,3.8,3885,22.3,275,1.6,962,5.5,7337,42
FL_County_12099,Palm Beach ,Population,1312178,3327,0.3,6746,0.5,26822,2,4740,0.4,18019,1.4,98563,7.5,6981,0.5,48352,3.7,382865,29.2,8613,0.7,79217,6,1262713,96.2
FL_County_12111,St. Lucie ,Population,277453,904,0.3,1454,0.5,6281,2.3,1236,0.4,3969,1.4,14662,5.3,1622,0.6,10149,3.7,48533,17.5,1939,0.7,12943,4.7,183089,66
MD_County_24037,St. Mary's ,Population,105147,1009,1,1517,1.4,3349,3.2,1272,1.2,2494,2.4,5679,5.4,1573,1.5,3891,3.7,9932,9.4,1739,1.7,4954,4.7,14774,14.1
OR_County_41041,Lincoln ,Population,46034,273,0.6,400,0.9,980,2.1,300,0.7,876,1.9,2378,5.2,379,0.8,1691,3.7,3601,7.8,413,0.9,2205,4.8,4747,10.3
NJ_County_34005,Burlington ,Population,448603,3499,0.8,5225,1.2,12157,2.7,4809,1.1,9474,2.1,22093,4.9,6299,1.4,16058,3.6,36322,8.1,6982,1.6,20383,4.5,56854,12.7
FL_County_12091,Okaloosa ,Population,180820,816,0.5,1311,0.7,4081,2.3,1085,0.6,2989,1.7,11450,6.3,1407,0.8,6440,3.6,34351,19,1697,0.9,9371,5.2,61831,34.2
VA_County_51093,Isle of Wight ,Population,35016,605,1.7,755,2.2,1197,3.4,675,1.9,1017,2.9,1700,4.9,762,2.2,1276,3.6,3297,9.4,809,2.3,1494,4.3,10278,29.4
MA_County_25023,Plymouth ,Population,494895,4374,0.9,5833,1.2,13707,2.8,5576,1.1,12069,2.4,21628,4.4,8118,1.6,17443,3.5,34660,7,9075,1.8,20840,4.2,48636,9.8
AL_County_01003,Baldwin ,Population,182167,817,0.4,1773,1,5050,2.8,1247,0.7,3585,2,10396,5.7,1766,1,6365,3.5,18243,10,2123,1.2,8439,4.6,24660,13.5
FL_County_12107,Putnam ,Population,74363,787,1.1,1207,1.6,2178,2.9,1023,1.4,1848,2.5,3935,5.3,1255,1.7,2613,3.5,9184,12.4,1381,1.9,3386,4.6,15516,20.9
FL_County_12019,Clay ,Population,190773,1537,0.8,2394,1.3,5017,2.6,1960,1,3858,2,11109,5.8,2434,1.3,6541,3.4,36582,19.2,2698,1.4,8964,4.7,62276,32.6
NJ_County_34011,Cumberland ,Population,156840,1301,0.8,1964,1.3,4438,2.8,1658,1.1,3505,2.2,7671,4.9,2103,1.3,5266,3.4,13683,8.7,2357,1.5,6739,4.3,18118,11.6
OR_County_41057,Tillamook ,Population,25233,295,1.2,387,1.5,493,2,339,1.3,568,2.3,1152,4.6,405,1.6,856,3.4,3827,15.2,452,1.8,1133,4.5,6514,25.8
VA_County_51097,King and Queen ,Population,6945,58,0.8,88,1.3,203,2.9,74,1.1,152,2.2,404,5.8,93,1.3,234,3.4,544,7.8,104,1.5,337,4.9,657,9.5
AK_County_02164,Lake and Peninsula Borough,Population,1628,37,2.3,40,2.5,43,2.6,38,2.3,44,2.7,66,4.1,41,2.5,56,3.4,126,7.7,42,2.6,64,3.9,168,10.3
MA_County_25009,Essex ,Population,743158,4604,0.6,7076,1,16812,2.3,6751,0.9,14971,2,30671,4.1,9898,1.3,24384,3.3,53999,7.3,11435,1.5,29851,4,85095,11.5
NJ_County_34007,Camden ,Population,513657,1179,0.2,2744,0.5,12114,2.4,2290,0.4,7804,1.5,26136,5.1,4023,0.8,17107,3.3,54592,10.6,5016,1,23108,4.5,88131,17.2
SC_County_45015,Berkeley ,Population,177229,1294,0.7,2020,1.1,4802,2.7,1641,0.9,3396,1.9,10296,5.8,2020,1.1,5919,3.3,19309,10.9,2281,1.3,8274,4.7,29375,16.6
FL_County_12113,Santa Rosa ,Population,149652,606,0.4,1152,0.8,3294,2.2,893,0.6,2540,1.7,8802,5.9,1243,0.8,4963,3.3,20692,13.8,1505,1,7330,4.9,36339,24.3
RI_County_44005,Newport ,Population,82575,322,0.4,627,0.8,1936,2.3,516,0.6,1575,1.9,3574,4.3,826,1,2648,3.2,6647,8,986,1.2,3359,4.1,9930,12
NC_County_37133,Onslow ,Population,177769,2042,1.1,2596,1.5,4533,2.5,2388,1.3,3733,2.1,8008,4.5,2741,1.5,5441,3.1,17655,9.9,2982,1.7,6935,3.9,43223,24.3
WA_County_53057,Skagit ,Population,116819,2030,1.7,2478,2.1,2655,2.3,2101,1.8,2726,2.3,4262,3.6,2511,2.1,3570,3.1,7893,6.8,2575,2.2,4112,3.5,12441,10.6
TX_County_48071,Chambers ,Population,35096,181,0.5,541,1.5,1143,3.3,239,0.7,838,2.4,1936,5.5,351,1,1084,3.1,3812,10.9,434,1.2,1315,3.7,13457,38.3
TX_County_48355,Nueces ,Population,340192,1110,0.3,2572,0.8,9214,2.7,1546,0.5,4723,1.4,17166,5,2059,0.6,10242,3,41200,12.1,2440,0.7,14436,4.2,102850,30.2
MA_County_25007,Dukes ,Population,16535,87,0.5,173,1,381,2.3,148,0.9,327,2,648,3.9,214,1.3,492,3,1296,7.8,244,1.5,605,3.7,2603,15.7
AK_County_02195,Petersburg Census Area,Population,3813,87,2.3,87,2.3,87,2.3,87,2.3,95,2.5,123,3.2,88,2.3,115,3,219,5.7,94,2.5,127,3.3,361,9.5
MD_County_24003,Anne Arundel ,Population,537264,3334,0.6,5024,0.9,11995,2.2,4328,0.8,8909,1.7,24492,4.6,5520,1,15736,2.9,41061,7.6,6197,1.2,21471,4,62842,11.7
CT_County_09007,Middlesex ,Population,165676,1299,0.8,1832,1.1,3506,2.1,1700,1,3003,1.8,6654,4,2122,1.3,4841,2.9,12153,7.3,2336,1.4,6201,3.7,17043,10.3
FL_County_12075,Levy ,Population,40801,222,0.5,435,1.1,879,2.2,347,0.9,779,1.9,1909,4.7,471,1.2,1182,2.9,3565,8.7,547,1.3,1662,4.1,4708,11.5
SC_County_45029,Colleton ,Population,38892,398,1,576,1.5,1001,2.6,488,1.3,819,2.1,1590,4.1,576,1.5,1121,2.9,2807,7.2,628,1.6,1380,3.5,4183,10.8
CA_County_06023,Humboldt ,Population,134476,835,0.6,1735,1.3,3353,2.5,1054,0.8,2714,2,5421,4,1350,1,3818,2.8,9813,7.3,1611,1.2,4687,3.5,12444,9.3
FL_County_12123,Taylor ,Population,22568,168,0.7,278,1.2,534,2.4,231,1,482,2.1,798,3.5,304,1.3,640,2.8,1381,6.1,340,1.5,738,3.3,1932,8.6
MA_County_25021,Norfolk ,Population,670850,3238,0.5,5737,0.9,13252,2,5308,0.8,11695,1.7,22932,3.4,6945,1,18087,2.7,42818,6.4,8245,1.2,21984,3.3,58704,8.8
VA_County_51700,Newport News city,Population,180659,1331,0.7,1769,1,4233,2.3,1552,0.9,2899,1.6,10537,5.8,1808,1,4959,2.7,31627,17.5,2009,1.1,7533,4.2,45883,25.4
RI_County_44009,Washington ,Population,126971,737,0.6,1113,0.9,2509,2,1006,0.8,2107,1.7,4560,3.6,1373,1.1,3386,2.7,9077,7.1,1569,1.2,4268,3.4,15067,11.9
MA_County_25019,Nantucket ,Population,10172,63,0.6,108,1.1,226,2.2,96,0.9,199,2,376,3.7,135,1.3,278,2.7,846,8.3,153,1.5,346,3.4,2201,21.6
VA_County_51800,Suffolk city,Population,84585,970,1.1,1237,1.5,1990,2.4,1116,1.3,1639,1.9,3618,4.3,1248,1.5,2180,2.6,13731,16.2,1318,1.6,2802,3.3,42352,50.1
OR_County_41011,Coos ,Population,63043,425,0.7,591,0.9,1122,1.8,528,0.8,1202,1.9,2190,3.5,869,1.4,1640,2.6,4185,6.6,958,1.5,2118,3.4,6322,10
WA_County_53029,Island ,Population,78506,817,1,1183,1.5,1634,2.1,991,1.3,1631,2.1,2184,2.8,1181,1.5,1966,2.5,3051,3.9,1284,1.6,2132,2.7,4020,5.1
TX_County_48409,San Patricio ,Population,64804,138,0.2,386,0.6,1613,2.5,217,0.3,941,1.5,3407,5.3,305,0.5,1605,2.5,11395,17.6,359,0.6,2165,3.3,18110,27.9
ME_County_23029,Washington ,Population,32854,243,0.7,312,0.9,563,1.7,312,0.9,524,1.6,1016,3.1,395,1.2,824,2.5,1907,5.8,433,1.3,1021,3.1,3122,9.5
NJ_County_34015,Gloucester ,Population,288273,1620,0.6,2112,0.7,4753,1.6,2018,0.7,3691,1.3,10897,3.8,2407,0.8,7051,2.4,19650,6.8,2719,0.9,9574,3.3,29783,10.3
VA_County_51095,James City ,Population,67009,466,0.7,665,1,1407,2.1,559,0.8,1085,1.6,2292,3.4,694,1,1623,2.4,3455,5.2,766,1.1,2045,3.1,5088,7.6
SC_County_45051,Horry ,Population,269291,1203,0.4,2256,0.8,4845,1.8,1752,0.7,3693,1.4,10220,3.8,2413,0.9,6120,2.3,36169,13.4,2715,1,8296,3.1,102150,37.9
HI_County_15007,Kauai ,Population,66815,166,0.2,307,0.5,706,1.1,215,0.3,706,1.1,4571,6.8,293,0.4,1513,2.3,53402,79.9,350,0.5,2897,4.3,54445,81.5
CA_County_06001,Alameda ,Population,1507746,1960,0.1,3568,0.2,9370,0.6,2674,0.2,11802,0.8,67575,4.5,3831,0.3,33296,2.2,197799,13.1,4564,0.3,59171,3.9,283800,18.8
CT_County_09009,New Haven ,Population,862464,4469,0.5,6314,0.7,12955,1.5,6084,0.7,11192,1.3,27963,3.2,7675,0.9,19185,2.2,52799,6.1,8474,1,25996,3,87767,10.2
CA_County_06095,Solano ,Population,413220,1931,0.5,2384,0.6,3473,0.8,2153,0.5,3528,0.9,15496,3.8,2419,0.6,9087,2.2,38324,9.3,2803,0.7,14104,3.4,57202,13.8
NH_County_33015,Rockingham ,Population,295213,1784,0.6,2337,0.8,4492,1.5,2393,0.8,4079,1.4,7646,2.6,3160,1.1,6490,2.2,12356,4.2,3477,1.2,7729,2.6,18826,6.4
MD_County_24009,Calvert ,Population,88737,134,0.2,256,0.3,1502,1.7,164,0.2,897,1,3382,3.8,277,0.3,1924,2.2,6150,6.9,357,0.4,2729,3.1,10957,12.3
WA_County_53055,San Juan ,Population,15768,218,1.4,268,1.7,296,1.9,262,1.7,302,1.9,390,2.5,270,1.7,345,2.2,572,3.6,278,1.8,385,2.4,858,5.4
AK_County_02013,Aleutians East Borough,Population,3141,47,1.5,49,1.6,55,1.8,49,1.6,57,1.8,78,2.5,51,1.6,69,2.2,142,4.5,53,1.7,77,2.5,194,6.2
AK_County_02282,Yakutat City and Borough,Population,662,14,2.1,13,2,11,1.7,14,2.1,14,2.1,14,2.1,14,2.1,14,2.1,19,2.9,14,2.1,15,2.3,34,5.1
CT_County_09011,New London ,Population,273994,1050,0.4,1576,0.6,3913,1.4,1452,0.5,3296,1.2,7531,2.7,1944,0.7,5606,2,14502,5.3,2319,0.8,7056,2.6,22862,8.3
FL_County_12053,Hernando ,Population,172752,643,0.4,1255,0.7,2785,1.6,944,0.5,2252,1.3,3802,2.2,1283,0.7,3396,2,4846,2.8,1459,0.8,3717,2.2,8440,4.9
MD_County_24045,Wicomico ,Population,98733,634,0.6,909,0.9,1734,1.8,790,0.8,1404,1.4,3151,3.2,937,0.9,2022,2,6132,6.2,1016,1,2591,2.6,13737,13.9
MD_County_24011,Caroline ,Population,33066,244,0.7,335,1,567,1.7,298,0.9,474,1.4,1189,3.6,343,1,654,2,2039,6.2,368,1.1,860,2.6,3165,9.6
VA_County_51570,Colonial Heights city,Population,17411,86,0.5,105,0.6,226,1.3,99,0.6,163,0.9,443,2.5,115,0.7,345,2,635,3.6,126,0.7,422,2.4,967,5.6
NJ_County_34013,Essex ,Population,783963,14,0,53,0,8410,1.1,32,0,5166,0.7,24971,3.2,133,0,15193,1.9,49949,6.4,2325,0.3,21804,2.8,65008,8.3
MS_County_28047,Harrison ,Population,187103,384,0.2,792,0.4,2756,1.5,538,0.3,1774,0.9,7356,3.9,762,0.4,3547,1.9,22596,12.1,905,0.5,5253,2.8,49954,26.7
ME_County_23023,Sagadahoc ,Population,35291,267,0.8,314,0.9,535,1.5,317,0.9,519,1.5,782,2.2,406,1.2,684,1.9,1302,3.7,455,1.3,785,2.2,2069,5.9
AK_County_02130,Ketchikan Gateway Borough,Population,13474,175,1.3,180,1.3,181,1.3,179,1.3,208,1.5,285,2.1,183,1.4,252,1.9,537,4,188,1.4,287,2.1,882,6.5
FL_County_12033,Escambia ,Population,297614,402,0.1,936,0.3,3406,1.1,658,0.2,2522,0.8,9354,3.1,1028,0.3,5289,1.8,22378,7.5,1329,0.4,7444,2.5,36531,12.3
CA_County_06059,Orange ,Population,3009922,7151,0.2,10345,0.3,32439,1.1,8436,0.3,31544,1,87320,2.9,10163,0.3,52173,1.7,127870,4.2,26138,0.9,63551,2.1,199646,6.6
AL_County_01097,Mobile ,Population,412991,1220,0.3,2230,0.5,5722,1.4,1641,0.4,4062,1,13220,3.2,2146,0.5,6994,1.7,34117,8.3,2497,0.6,9659,2.3,56241,13.6
DE_County_10001,Kent ,Population,162310,1017,0.6,1392,0.9,2357,1.5,1243,0.8,1983,1.2,4258,2.6,1485,0.9,2789,1.7,9670,6,1611,1,3587,2.2,23928,14.7
ME_County_23031,York ,Population,197109,756,0.4,1036,0.5,2071,1.1,1057,0.5,1955,1,4139,2.1,1370,0.7,3166,1.6,7963,4,1544,0.8,4185,2.1,12700,6.4
LA_County_22001,Acadia ,Population,61773,106,0.2,262,0.4,1512,2.4,148,0.2,488,0.8,3812,6.2,188,0.3,1005,1.6,20937,33.9,210,0.3,1567,2.5,27764,44.9
WA_County_53031,Jefferson ,Population,29867,165,0.6,240,0.8,344,1.2,211,0.7,346,1.2,650,2.2,241,0.8,478,1.6,992,3.3,259,0.9,611,2,1350,4.5
VA_County_51036,Charles City ,Population,7256,59,0.8,66,0.9,97,1.3,63,0.9,85,1.2,170,2.3,70,1,117,1.6,273,3.8,72,1,156,2.1,404,5.6
VA_County_51510,Alexandria city,Population,139903,982,0.7,1093,0.8,1687,1.2,1051,0.8,1326,0.9,5143,3.7,1120,0.8,2069,1.5,8346,6,1155,0.8,3324,2.4,12835,9.2
WA_County_53045,Mason ,Population,60676,374,0.6,469,0.8,653,1.1,414,0.7,632,1,1413,2.3,462,0.8,915,1.5,2594,4.3,500,0.8,1284,2.1,3615,6
NJ_County_34023,Middlesex ,Population,809489,1104,0.1,1921,0.2,6050,0.7,1737,0.2,3928,0.5,18916,2.3,2339,0.3,11369,1.4,37813,4.7,2691,0.3,16828,2.1,64774,8
LA_County_22051,Jefferson ,Population,429587,5437,1.3,5761,1.3,5861,1.4,5563,1.3,5812,1.4,5883,1.4,5656,1.3,5846,1.4,5899,1.4,5689,1.3,5861,1.4,5902,1.4
ME_County_23013,Knox ,Population,39736,163,0.4,204,0.5,381,1,204,0.5,361,0.9,704,1.8,256,0.6,561,1.4,1407,3.5,287,0.7,708,1.8,2544,6.4
VA_County_51099,King George ,Population,23584,59,0.3,108,0.5,275,1.2,86,0.4,224,0.9,556,2.4,119,0.5,328,1.4,1547,6.6,134,0.6,460,2,3805,16.1
LA_County_22075,Plaquemines ,Population,22849,298,1.3,310,1.4,321,1.4,302,1.3,313,1.4,325,1.4,306,1.3,317,1.4,326,1.4,307,1.3,321,1.4,326,1.4
VA_County_51127,New Kent ,Population,18429,15,0.1,46,0.2,209,1.1,20,0.1,157,0.9,894,4.9,80,0.4,262,1.4,1647,8.9,112,0.6,764,4.1,1883,10.2
VA_County_51159,Richmond ,Population,9254,27,0.3,62,0.7,115,1.2,42,0.5,94,1,241,2.6,65,0.7,129,1.4,488,5.3,71,0.8,169,1.8,709,7.7
DE_County_10003,New Castle ,Population,538479,1727,0.3,2538,0.5,5638,1,2224,0.4,4569,0.8,11355,2.1,2778,0.5,7199,1.3,19528,3.6,3119,0.6,10214,1.9,30635,5.7
RI_County_44003,Kent ,Population,166158,429,0.3,643,0.4,1473,0.9,614,0.4,1275,0.8,3076,1.9,812,0.5,2159,1.3,8049,4.8,928,0.6,2889,1.7,14465,8.7
MD_County_24017,Charles ,Population,146495,1315,0.9,1437,1,1789,1.2,1386,0.9,1639,1.1,2701,1.8,1454,1,1954,1.3,4021,2.7,1490,1,2403,1.6,5178,3.5
LA_County_22105,Tangipahoa ,Population,121089,461,0.4,819,0.7,2202,1.8,534,0.4,1141,0.9,5121,4.2,616,0.5,1616,1.3,11799,9.7,659,0.5,2220,1.8,25731,21.2
WA_County_53009,Clallam ,Population,71391,450,0.6,530,0.7,598,0.8,504,0.7,717,1,1109,1.6,591,0.8,955,1.3,1843,2.6,640,0.9,1133,1.6,2561,3.6
NJ_County_34039,Union ,Population,536499,214,0,311,0.1,3081,0.6,294,0.1,1614,0.3,10651,2,608,0.1,6531,1.2,28411,5.3,735,0.1,9264,1.7,64595,12
MD_County_24015,Cecil ,Population,101095,296,0.3,423,0.4,855,0.8,376,0.4,679,0.7,1828,1.8,465,0.5,1229,1.2,3924,3.9,517,0.5,1617,1.6,7104,7
ME_County_23015,Lincoln ,Population,34457,142,0.4,179,0.5,282,0.8,179,0.5,270,0.8,501,1.5,213,0.6,400,1.2,1070,3.1,230,0.7,504,1.5,2003,5.8
NC_County_37015,Bertie ,Population,21268,43,0.2,76,0.4,212,1,59,0.3,142,0.7,466,2.2,81,0.4,248,1.2,1062,5,92,0.4,347,1.6,2279,10.7
MD_County_24005,Baltimore ,Population,804986,405,0.1,1203,0.1,6566,0.8,633,0.1,4464,0.6,18429,2.3,1778,0.2,9063,1.1,37663,4.7,2393,0.3,14184,1.8,70774,8.8
CA_County_06075,San Francisco ,Population,805235,41,0,1130,0.1,1781,0.2,45,0,1582,0.2,18081,2.2,1080,0.1,8859,1.1,35511,4.4,1200,0.1,16047,2,52016,6.5
TX_County_48061,Cameron ,Population,406220,382,0.1,785,0.2,3672,0.9,486,0.1,2041,0.5,9526,2.3,666,0.2,4432,1.1,18035,4.4,815,0.2,6415,1.6,65558,16.1
ME_County_23005,Cumberland ,Population,281667,448,0.2,585,0.2,1268,0.5,593,0.2,1177,0.4,4825,1.7,757,0.3,3179,1.1,9867,3.5,882,0.3,4862,1.7,17725,6.3
WA_County_53035,Kitsap ,Population,251115,1046,0.4,1314,0.5,1736,0.7,1144,0.5,1684,0.7,4472,1.8,1287,0.5,2798,1.1,6715,2.7,1377,0.5,4238,1.7,9346,3.7
WA_County_53073,Whatcom ,Population,200170,649,0.3,750,0.4,890,0.4,738,0.4,1096,0.5,2476,1.2,858,0.4,2120,1.1,3634,1.8,945,0.5,2528,1.3,4647,2.3
SC_County_45035,Dorchester ,Population,135409,601,0.4,785,0.6,1287,1,692,0.5,1054,0.8,2384,1.8,785,0.6,1459,1.1,11190,8.3,838,0.6,1966,1.5,30105,22.2
OR_County_41019,Douglas ,Population,107610,92,0.1,104,0.1,957,0.9,99,0.1,985,0.9,1310,1.2,106,0.1,1175,1.1,1753,1.6,113,0.1,1298,1.2,1908,1.8
ME_County_23009,Hancock ,Population,54418,153,0.3,202,0.4,392,0.7,201,0.4,366,0.7,760,1.4,263,0.5,592,1.1,1696,3.1,294,0.5,761,1.4,3239,6
NC_County_37091,Hertford ,Population,24669,123,0.5,152,0.6,248,1,137,0.6,201,0.8,369,1.5,155,0.6,272,1.1,705,2.9,163,0.7,324,1.3,1406,5.7
MA_County_25005,Bristol ,Population,548285,1528,0.3,2074,0.4,3911,0.7,1976,0.4,3459,0.6,6836,1.2,2476,0.5,5233,1,12960,2.4,2742,0.5,6499,1.2,43811,8
TX_County_48245,Jefferson ,Population,252263,612,0.2,932,0.4,2381,0.9,721,0.3,1530,0.6,6340,2.5,835,0.3,2450,1,111406,44.2,913,0.4,3637,1.4,186066,73.8
AK_County_02261,Valdez-Cordova Census Area,Population,9636,64,0.7,61,0.6,47,0.5,68,0.7,73,0.8,96,1,72,0.7,93,1,280,2.9,75,0.8,119,1.2,463,4.8
FL_County_12051,Hendry ,Population,39086,1,0,2,0,169,0.4,1,0,92,0.2,770,2,2,0,349,0.9,5323,13.6,4,0,537,1.4,30790,78.8
NY_County_36005,Bronx ,Population,1385073,365,0,896,0.1,5463,0.4,768,0.1,3872,0.3,17692,1.3,1325,0.1,11172,0.8,104594,7.6,1736,0.1,16313,1.2,220816,15.9
CA_County_06015,Del Norte ,Population,28610,22,0.1,23,0.1,24,0.1,23,0.1,28,0.1,317,1.1,24,0.1,221,0.8,1332,4.7,24,0.1,341,1.2,2472,8.6
NC_County_37117,Martin ,Population,24505,27,0.1,47,0.2,160,0.7,37,0.2,99,0.4,312,1.3,50,0.2,187,0.8,840,3.4,56,0.2,249,1,1259,5.1
VA_County_51670,Hopewell city,Population,22591,33,0.1,51,0.2,143,0.6,45,0.2,109,0.5,261,1.2,66,0.3,185,0.8,468,2.1,78,0.3,246,1.1,753,3.3
VA_County_51830,Williamsburg city,Population,14068,61,0.4,75,0.5,109,0.8,69,0.5,96,0.7,145,1,76,0.5,117,0.8,231,1.6,80,0.6,132,0.9,365,2.6
AK_County_02060,Bristol Bay Borough,Population,997,6,0.6,5,0.5,3,0.3,7,0.7,6,0.6,6,0.6,7,0.7,8,0.8,40,4,7,0.7,15,1.5,65,6.5
CA_County_06111,Ventura ,Population,823239,216,0,353,0,2766,0.3,246,0,1170,0.1,17587,2.1,294,0,6049,0.7,45275,5.5,353,0,13925,1.7,76672,9.3
NY_County_36039,Greene ,Population,49221,61,0.1,100,0.2,240,0.5,93,0.2,212,0.4,443,0.9,138,0.3,336,0.7,704,1.4,159,0.3,422,0.9,1077,2.2
LA_County_22087,St. Bernard ,Population,35895,217,0.6,233,0.6,238,0.7,223,0.6,236,0.7,241,0.7,228,0.6,237,0.7,245,0.7,230,0.6,238,0.7,245,0.7
AK_County_02110,Juneau City and Borough,Population,31252,202,0.6,174,0.6,132,0.4,204,0.7,184,0.6,162,0.5,207,0.7,204,0.7,235,0.8,209,0.7,219,0.7,438,1.4
TX_County_48391,Refugio ,Population,7383,11,0.1,21,0.3,56,0.8,15,0.2,31,0.4,115,1.6,18,0.2,55,0.7,255,3.5,20,0.3,74,1,624,8.5
NY_County_36119,Westchester ,Population,949113,543,0.1,1032,0.1,3296,0.3,968,0.1,2705,0.3,7960,0.8,1483,0.2,5303,0.6,15777,1.7,1898,0.2,7429,0.8,28111,3
PA_County_42045,Delaware ,Population,558979,667,0.1,910,0.2,2745,0.5,844,0.2,2087,0.4,4900,0.9,1086,0.2,3517,0.6,9859,1.8,1305,0.2,4458,0.8,18083,3.2
AK_County_02122,Kenai Peninsula Borough,Population,55400,311,0.6,244,0.4,124,0.2,334,0.6,280,0.5,241,0.4,367,0.7,349,0.6,680,1.2,389,0.7,478,0.9,1576,2.8
NC_County_37103,Jones ,Population,10153,16,0.2,21,0.2,45,0.4,19,0.2,35,0.3,92,0.9,23,0.2,57,0.6,310,3.1,26,0.3,77,0.8,923,9.1
VA_County_51181,Surry ,Population,7058,20,0.3,25,0.4,39,0.6,23,0.3,34,0.5,56,0.8,26,0.4,43,0.6,89,1.3,28,0.4,51,0.7,145,2.1
CA_County_06073,San Diego ,Population,3095142,2566,0.1,4552,0.1,7931,0.3,3575,0.1,6752,0.2,36738,1.2,4267,0.1,14373,0.5,81988,2.6,4631,0.1,29274,0.9,117393,3.8
CA_County_06085,Santa Clara ,Population,1781599,4394,0.2,4768,0.3,6153,0.3,4584,0.3,6264,0.4,11113,0.6,4801,0.3,9491,0.5,54122,3,4953,0.3,10900,0.6,98469,5.5
PA_County_42101,Philadelphia ,Population,1526006,933,0.1,2274,0.1,5146,0.3,2040,0.1,4148,0.3,17492,1.1,2858,0.2,7830,0.5,67288,4.4,3265,0.2,12661,0.8,132178,8.7
VA_County_51059,Fairfax ,Population,1081726,1370,0.1,1824,0.2,4220,0.4,1625,0.2,3285,0.3,6764,0.6,1966,0.2,5309,0.5,9360,0.9,2206,0.2,6388,0.6,15514,1.4
WA_County_53061,Snohomish ,Population,713312,1430,0.2,1823,0.3,2995,0.4,1629,0.2,2131,0.3,4622,0.6,1663,0.2,3463,0.5,6253,0.9,1848,0.3,4238,0.6,8448,1.2
MD_County_24510,Baltimore city,Population,620961,266,0,390,0.1,2355,0.4,326,0.1,1472,0.2,4149,0.7,542,0.1,3131,0.5,7446,1.2,668,0.1,3810,0.6,19509,3.1
MD_County_24025,Harford ,Population,244806,165,0.1,321,0.1,910,0.4,267,0.1,678,0.3,2080,0.8,372,0.2,1227,0.5,5635,2.3,434,0.2,1630,0.7,8725,3.6
VA_County_51149,Prince George ,Population,35725,34,0.1,42,0.1,106,0.3,40,0.1,78,0.2,342,1,45,0.1,195,0.5,529,1.5,51,0.1,319,0.9,911,2.6
CA_County_06013,Contra Costa ,Population,1048209,719,0.1,1018,0.1,2483,0.2,862,0.1,2497,0.2,16922,1.6,1053,0.1,4368,0.4,47984,4.6,1205,0.1,14661,1.4,71377,6.8
WA_County_53053,Pierce ,Population,795098,558,0.1,763,0.1,2004,0.3,612,0.1,1911,0.2,4585,0.6,743,0.1,2997,0.4,9633,1.2,852,0.1,4260,0.5,14143,1.8
NY_County_36087,Rockland ,Population,311680,378,0.1,544,0.2,1025,0.3,513,0.2,918,0.3,1698,0.5,676,0.2,1364,0.4,2473,0.8,754,0.2,1622,0.5,3382,1.1
LA_County_22071,Orleans ,Population,343452,504,0.1,1009,0.3,1355,0.4,604,0.2,1280,0.4,1386,0.4,719,0.2,1343,0.4,1448,0.4,784,0.2,1355,0.4,1463,0.4
NY_County_36027,Dutchess ,Population,297411,236,0.1,349,0.1,810,0.3,335,0.1,699,0.2,1431,0.5,460,0.2,1044,0.4,2002,0.7,529,0.2,1343,0.5,2503,0.8
ME_County_23027,Waldo ,Population,38786,50,0.1,62,0.2,103,0.3,62,0.2,97,0.3,167,0.4,76,0.2,141,0.4,289,0.7,83,0.2,168,0.4,509,1.3
TX_County_48489,Willacy ,Population,22134,3,0,8,0,53,0.2,5,0,25,0.1,178,0.8,7,0,82,0.4,238,1.1,10,0,158,0.7,710,3.2
TX_County_48239,Jackson ,Population,14075,8,0.1,19,0.1,60,0.4,11,0.1,36,0.3,160,1.1,15,0.1,59,0.4,597,4.2,17,0.1,80,0.6,810,5.8
AK_County_02230,Skagway Municipality,Population,968,4,0.4,3,0.3,1,0.1,4,0.4,3,0.3,1,0.1,4,0.4,4,0.4,4,0.4,4,0.4,4,0.4,6,0.6
DC_County_11001,District of Columbia,Population,601723,750,0.1,899,0.1,1383,0.2,843,0.1,1178,0.2,3677,0.6,933,0.2,1775,0.3,12764,2.1,988,0.2,2991,0.5,23031,3.8
FL_County_12117,Seminole ,Population,420712,52,0,80,0,782,0.2,70,0,192,0,2577,0.6,86,0,1318,0.3,7491,1.8,102,0,1900,0.5,16217,3.9
CA_County_06083,Santa Barbara ,Population,423895,12,0,33,0,668,0.2,21,0,507,0.1,3361,0.8,28,0,1136,0.3,12537,3,35,0,2701,0.6,20926,4.9
WA_County_53067,Thurston ,Population,252126,118,0,158,0.1,391,0.2,138,0.1,346,0.1,1074,0.4,154,0.1,800,0.3,2006,0.8,165,0.1,976,0.4,3015,1.2
HI_County_15001,Hawaii ,Population,185079,230,0.1,287,0.2,442,0.2,247,0.1,388,0.2,1084,0.6,269,0.1,617,0.3,3092,1.7,286,0.2,845,0.5,5071,2.7
LA_County_22055,Lafayette ,Population,221578,129,0.1,228,0.1,1017,0.5,148,0.1,329,0.1,2749,1.2,173,0.1,566,0.3,12956,5.8,184,0.1,970,0.4,46900,21.2
NC_County_37147,Pitt ,Population,167978,115,0.1,170,0.1,443,0.3,142,0.1,316,0.2,982,0.6,180,0.1,540,0.3,3540,2.1,205,0.1,769,0.5,8418,5
NY_County_36111,Ulster ,Population,182493,148,0.1,217,0.1,399,0.2,207,0.1,358,0.2,581,0.3,264,0.1,490,0.3,848,0.5,293,0.2,557,0.3,1127,0.6
CA_County_06055,Napa ,Population,136465,211,0.2,245,0.2,307,0.2,225,0.2,303,0.2,812,0.6,242,0.2,374,0.3,7566,5.5,267,0.2,621,0.5,16015,11.7
NH_County_33017,Strafford ,Population,123143,67,0.1,87,0.1,184,0.1,89,0.1,170,0.1,450,0.4,117,0.1,355,0.3,911,0.7,133,0.1,458,0.4,1540,1.3
OR_County_41009,Columbia ,Population,49351,45,0.1,52,0.1,65,0.1,49,0.1,74,0.1,231,0.5,59,0.1,141,0.3,684,1.4,66,0.1,237,0.5,1461,3
TX_County_48199,Hardin ,Population,54635,1,0,12,0,135,0.2,1,0,100,0.2,608,1.1,1,0,137,0.3,1254,2.3,11,0,195,0.4,2062,3.8
AK_County_02100,Haines Borough,Population,2508,7,0.3,6,0.2,1,0,7,0.3,6,0.2,6,0.2,7,0.3,7,0.3,7,0.3,7,0.3,7,0.3,12,0.5
TX_County_48201,Harris ,Population,4086193,2215,0.1,3827,0.1,11146,0.3,2596,0.1,5946,0.1,28967,0.7,3114,0.1,9929,0.2,70641,1.7,3433,0.1,15333,0.4,202626,5
PA_County_42017,Bucks ,Population,625104,371,0.1,500,0.1,1088,0.2,469,0.1,899,0.1,2100,0.3,590,0.1,1417,0.2,6550,1,657,0.1,1885,0.3,19153,3.1
CA_County_06097,Sonoma ,Population,483873,246,0.1,314,0.1,494,0.1,271,0.1,445,0.1,2187,0.5,303,0.1,1127,0.2,7727,1.6,324,0.1,1692,0.3,12743,2.6
VA_County_51153,Prince William ,Population,401961,80,0,152,0,497,0.1,106,0,328,0.1,1610,0.4,188,0,699,0.2,2965,0.7,219,0.1,1312,0.3,5708,1.4
FL_County_12069,Lake ,Population,296991,181,0.1,353,0.1,624,0.2,284,0.1,565,0.2,811,0.3,387,0.1,698,0.2,1150,0.4,431,0.1,774,0.3,1775,0.6
NY_County_36021,Columbia ,Population,63096,16,0,23,0,81,0.1,23,0,67,0.1,198,0.3,28,0,146,0.2,278,0.4,52,0.1,192,0.3,368,0.6
LA_County_22077,Pointe Coupee ,Population,22802,1,0,1,0,86,0.4,1,0,1,0,126,0.6,1,0,55,0.2,712,3.1,1,0,85,0.4,5169,22.7
OR_County_41015,Curry ,Population,22364,25,0.1,28,0.1,32,0.1,27,0.1,35,0.2,70,0.3,29,0.1,50,0.2,387,1.7,30,0.1,69,0.3,714,3.2
LA_County_22121,West Baton Rouge ,Population,23780,4,0,5,0,185,0.8,4,0,11,0,1545,6.5,4,0,41,0.2,11961,50.3,4,0,166,0.7,22195,93.3
SC_County_45049,Hampton ,Population,21090,2,0,25,0.1,38,0.2,23,0.1,30,0.1,58,0.3,25,0.1,41,0.2,142,0.7,26,0.1,47,0.2,214,1
GA_County_13049,Charlton ,Population,12171,1,0,3,0,14,0.1,2,0,8,0.1,88,0.7,3,0,23,0.2,391,3.2,4,0,49,0.4,692,5.7
FL_County_12043,Glades ,Population,12884,0,0,1,0,7,0.1,0,0,4,0,57,0.4,1,0,21,0.2,1389,10.8,1,0,42,0.3,5997,46.5
TX_County_48261,Kenedy ,Population,416,1,0.2,1,0.2,1,0.2,1,0.2,1,0.2,4,1,1,0.2,1,0.2,19,4.6,1,0.2,1,0.2,59,14.2
CA_County_06037,Los Angeles ,Population,9815160,1292,0,6093,0.1,9948,0.1,4157,0,9753,0.1,18967,0.2,6350,0.1,13220,0.1,97701,1,7427,0.1,16348,0.2,197248,2
WA_County_53033,King ,Population,1930357,939,0,1131,0.1,1442,0.1,1028,0.1,1398,0.1,4864,0.3,1111,0.1,1913,0.1,13708,0.7,1177,0.1,3733,0.2,24162,1.3
CA_County_06067,Sacramento ,Population,1418340,1848,0.1,1867,0.1,1880,0.1,1860,0.1,1880,0.1,1934,0.1,1869,0.1,1908,0.1,13416,0.9,1872,0.1,1925,0.1,238482,16.8
RI_County_44007,Providence ,Population,626667,141,0,178,0,378,0.1,173,0,333,0.1,1361,0.2,215,0,783,0.1,5946,0.9,246,0,1261,0.2,11109,1.8
CA_County_06053,Monterey ,Population,415047,101,0,143,0,352,0.1,120,0,343,0.1,1627,0.4,145,0,558,0.1,4680,1.1,157,0,1359,0.3,9270,2.2
MD_County_24033,Prince George's ,Population,863420,105,0,142,0,350,0,126,0,263,0,1194,0.1,152,0,453,0.1,2558,0.3,169,0,1007,0.1,8636,1
LA_County_22033,East Baton Rouge ,Population,440065,70,0,137,0,858,0.2,77,0,216,0,2324,0.5,84,0,431,0.1,18119,4.1,91,0,818,0.2,61354,13.9
OR_County_41005,Clackamas ,Population,375992,184,0,209,0.1,230,0.1,200,0.1,259,0.1,345,0.1,221,0.1,307,0.1,526,0.1,236,0.1,350,0.1,767,0.2
NJ_County_34021,Mercer ,Population,366458,142,0,157,0,203,0.1,155,0,187,0.1,262,0.1,166,0,225,0.1,511,0.1,172,0,249,0.1,990,0.3
OR_County_41039,Lane ,Population,351710,85,0,112,0,151,0,93,0,145,0,399,0.1,108,0,203,0.1,865,0.2,117,0,328,0.1,1694,0.5
CA_County_06087,Santa Cruz ,Population,262380,61,0,66,0,113,0,63,0,110,0,493,0.2,66,0,193,0.1,9577,3.7,72,0,392,0.1,13310,5.1
ME_County_23019,Penobscot ,Population,153923,74,0,82,0.1,110,0.1,82,0.1,106,0.1,193,0.1,91,0.1,154,0.1,467,0.3,96,0.1,193,0.1,1153,0.7
CA_County_06079,San Luis Obispo ,Population,269637,24,0,35,0,60,0,29,0,62,0,288,0.1,37,0,145,0.1,1771,0.7,42,0,253,0.1,2972,1.1
NY_County_36079,Putnam ,Population,99710,29,0,54,0.1,108,0.1,51,0.1,100,0.1,151,0.2,74,0.1,131,0.1,213,0.2,83,0.1,147,0.1,258,0.3
ME_County_23011,Kennebec ,Population,122151,32,0,39,0,73,0.1,39,0,70,0.1,168,0.1,51,0,117,0.1,347,0.3,58,0,170,0.1,679,0.6
VA_County_51179,Stafford ,Population,128961,15,0,24,0,82,0.1,21,0,57,0,671,0.5,26,0,112,0.1,1108,0.9,30,0,200,0.2,1725,1.3
TX_County_48291,Liberty ,Population,75595,9,0,41,0.1,109,0.1,11,0,71,0.1,247,0.3,16,0,100,0.1,642,0.8,17,0,132,0.2,1514,2
WA_County_53015,Cowlitz ,Population,102408,44,0,46,0,50,0,46,0,55,0.1,100,0.1,48,0,73,0.1,33730,32.9,50,0,104,0.1,43404,42.4
GA_County_13103,Effingham ,Population,52231,6,0,9,0,29,0.1,7,0,16,0,106,0.2,9,0,53,0.1,571,1.1,10,0,81,0.2,1842,3.5
FL_County_12027,DeSoto ,Population,34855,2,0,5,0,29,0.1,3,0,17,0,103,0.3,5,0,51,0.1,318,0.9,7,0,82,0.2,995,2.9
TX_County_48273,Kleberg ,Population,32061,12,0,15,0,29,0.1,13,0,21,0.1,129,0.4,15,0,31,0.1,433,1.4,15,0,52,0.2,581,1.8
FL_County_12041,Gilchrist ,Population,16939,5,0,8,0,12,0.1,7,0,10,0.1,40,0.2,8,0,18,0.1,188,1.1,8,0,31,0.2,523,3.1
SC_County_45089,Williamsburg ,Population,34423,4,0,6,0,13,0,5,0,9,0,35,0.1,6,0,18,0.1,143,0.4,6,0,27,0.1,407,1.2
VA_County_51033,Caroline ,Population,28545,2,0,5,0,13,0,4,0,11,0,23,0.1,6,0,15,0.1,39,0.1,8,0,20,0.1,63,0.2
AL_County_01129,Washington ,Population,17581,1,0,3,0,8,0,2,0,6,0,16,0.1,3,0,10,0.1,51,0.3,3,0,12,0.1,173,1
OR_County_41051,Multnomah ,Population,735333,146,0,154,0,162,0,152,0,175,0,235,0,159,0,203,0,553,0.1,164,0,238,0,1298,0.2
NJ_County_34031,Passaic ,Population,501222,27,0,38,0,110,0,34,0,91,0,389,0.1,47,0,166,0,3138,0.6,54,0,312,0.1,5602,1.1
WA_County_53011,Clark ,Population,425177,87,0,92,0,97,0,90,0,108,0,178,0,95,0,142,0,554,0.1,99,0,182,0,936,0.2
NY_County_36071,Orange ,Population,372794,8,0,11,0,75,0,10,0,38,0,207,0.1,15,0,132,0,385,0.1,18,0,186,0,560,0.2
CT_County_09003,Hartford ,Population,893984,32,0,38,0,55,0,36,0,50,0,253,0,41,0,111,0,960,0.1,43,0,211,0,2989,0.3
NY_County_36001,Albany ,Population,304204,11,0,21,0,64,0,20,0,56,0,140,0,32,0,97,0,278,0.1,41,0,133,0,2067,0.7
VA_County_51041,Chesterfield ,Population,316231,33,0,37,0,70,0,35,0,59,0,256,0.1,48,0,95,0,396,0.1,51,0,241,0.1,607,0.2
VA_County_51087,Henrico ,Population,306904,8,0,12,0,38,0,10,0,30,0,75,0,18,0,48,0,92,0,20,0,72,0,124,0
CA_County_06045,Mendocino ,Population,87792,14,0,17,0,22,0,16,0,23,0,69,0.1,18,0,40,0,174,0.2,19,0,64,0.1,265,0.3
NY_County_36083,Rensselaer ,Population,159429,5,0,7,0,21,0,7,0,18,0,78,0,9,0,31,0,918,0.6,13,0,53,0,3321,2.1
FL_County_12083,Marion ,Population,331245,3,0,5,0,16,0,4,0,12,0,44,0,5,0,28,0,94,0,6,0,39,0,146,0
AK_County_02020,Anchorage Municipality,Population,291826,10,0,9,0,7,0,11,0,11,0,17,0,14,0,21,0,1110,0.4,15,0,34,0,1965,0.7
CA_County_06113,Yolo ,Population,200579,2,0,5,0,10,0,4,0,10,0,392,0.2,5,0,16,0,602,0.3,6,0,30,0,659,0.3
VA_County_51085,Hanover ,Population,99857,3,0,4,0,8,0,4,0,6,0,19,0,5,0,10,0,32,0,5,0,17,0,56,0.1
NJ_County_34035,Somerset ,Population,323328,5,0,5,0,7,0,5,0,6,0,10,0,6,0,8,0,265,0.1,6,0,9,0,590,0.2
LA_County_22097,St. Landry ,Population,83384,1,0,2,0,15,0,1,0,3,0,164,0.2,1,0,7,0,1864,2.2,1,0,14,0,9436,11.3
NC_County_37047,Columbus ,Population,58098,0,0,0,0,4,0,0,0,4,0,8,0,0,0,5,0,35,0.1,0,0,7,0,116,0.2
NC_County_37131,Northampton ,Population,22093,1,0,1,0,4,0,1,0,2,0,12,0.1,1,0,5,0,38,0.2,1,0,8,0,82,0.4
TX_County_48469,Victoria ,Population,86793,1,0,2,0,5,0,1,0,3,0,10,0,1,0,5,0,33,0,2,0,7,0,61,0.1
TX_County_48241,Jasper ,Population,35710,1,0,2,0,4,0,1,0,3,0,17,0,2,0,4,0,35,0.1,2,0,5,0,116,0.3
AK_County_02170,Matanuska-Susitna Borough,Population,88995,2,0,1,0,1,0,2,0,2,0,2,0,2,0,3,0,74,0.1,2,0,4,0,424,0.5
GA_County_13025,Brantley ,Population,18411,1,0,1,0,2,0,1,0,1,0,6,0,1,0,2,0,122,0.7,1,0,3,0,485,2.6
VA_County_51760,Richmond city,Population,204214,1,0,1,0,2,0,1,0,2,0,42,0,1,0,2,0,58,0,1,0,40,0,142,0.1
AL_County_01025,Clarke ,Population,25833,1,0,1,0,1,0,1,0,1,0,1,0,1,0,1,0,1,0,1,0,1,0,7,0
AL_County_01099,Monroe ,Population,23068,0,0,1,0,1,0,0,0,1,0,1,0,1,0,1,0,1,0,1,0,1,0,2,0
FL_County_12065,Jefferson ,Population,14761,1,0,1,0,1,0,1,0,1,0,1,0,1,0,1,0,1,0,1,0,1,0,1,0
FL_County_12067,Lafayette ,Population,8870,1,0,1,0,1,0,1,0,1,0,1,0,1,0,1,0,1,0,1,0,1,0,20,0.2
FL_County_12077,Liberty ,Population,8365,1,0,1,0,1,0,1,0,1,0,1,0,1,0,1,0,4,0,1,0,1,0,26,0.3
FL_County_12095,Orange ,Population,1145515,0,0,0,0,1,0,0,0,1,0,1,0,0,0,1,0,33,0,0,0,1,0,135,0
FL_County_12133,Washington ,Population,24891,1,0,1,0,1,0,1,0,1,0,2,0,1,0,1,0,8,0,1,0,2,0,57,0.2
GA_County_13183,Long ,Population,14464,1,0,1,0,1,0,1,0,1,0,1,0,1,0,1,0,42,0.3,1,0,1,0,106,0.7
GA_County_13305,Wayne ,Population,30099,1,0,1,0,1,0,1,0,1,0,9,0,1,0,1,0,37,0.1,1,0,6,0,52,0.2
LA_County_22009,Avoyelles ,Population,42073,1,0,1,0,1,0,1,0,1,0,1,0,1,0,1,0,5,0,1,0,1,0,17,0
LA_County_22011,Beauregard ,Population,35654,1,0,1,0,1,0,1,0,1,0,1,0,1,0,1,0,7,0,1,0,1,0,82,0.2
LA_County_22125,West Feliciana ,Population,15625,1,0,1,0,1,0,1,0,1,0,1,0,1,0,1,0,1,0,1,0,1,0,1,0
ME_County_23001,Androscoggin ,Population,107702,1,0,1,0,1,0,1,0,1,0,1,0,1,0,1,0,1,0,1,0,1,0,1,0
MS_County_28109,Pearl River ,Population,55834,1,0,1,0,1,0,1,0,1,0,7,0,1,0,1,0,38,0.1,1,0,1,0,125,0.2
NC_County_37017,Bladen ,Population,35190,1,0,1,0,1,0,1,0,1,0,2,0,1,0,1,0,41,0.1,1,0,1,0,492,1.4
NC_County_37107,Lenoir ,Population,59495,1,0,1,0,1,0,1,0,1,0,1,0,1,0,1,0,13,0,1,0,1,0,173,0.3
SC_County_45027,Clarendon ,Population,34971,1,0,1,0,1,0,1,0,1,0,1,0,1,0,1,0,1,0,1,0,1,0,1,0
SC_County_45041,Florence ,Population,136857,1,0,1,0,1,0,1,0,1,0,1,0,1,0,1,0,1,0,1,0,1,0,15,0
SC_County_45067,Marion ,Population,33062,1,0,1,0,1,0,1,0,1,0,1,0,1,0,1,0,11,0,1,0,1,0,300,0.9
TX_County_48157,Fort Bend ,Population,584259,1,0,1,0,1,0,1,0,1,0,1,0,1,0,1,0,2,0,1,0,1,0,3,0
TX_County_48351,Newton ,Population,14445,0,0,0,0,1,0,0,0,0,0,37,0.3,0,0,1,0,533,3.7,0,0,9,0.1,1491,10.3
VA_County_51013,Arlington ,Population,207627,1,0,1,0,1,0,1,0,1,0,533,0.3,1,0,1,0,972,0.5,1,0,214,0.1,2659,1.3
VA_County_51730,Petersburg city,Population,32420,1,0,1,0,1,0,1,0,1,0,1,0,1,0,1,0,55,0.2,1,0,1,0,180,0.6
WA_County_53059,Skamania ,Population,11066,1,0,1,0,1,0,1,0,1,0,1,0,1,0,1,0,1,0,1,0,1,0,7,0.1
AK_County_02150,Kodiak Island Borough,Population,13579,0,0,0,0,0,0,0,0,0,0,0,0,0,0,0,0,0,0,0,0,0,0,0,0
AK_County_02290,Yukon-Koyukuk Census Area,Population,5588,0,0,0,0,0,0,0,0,0,0,0,0,0,0,0,0,0,0,0,0,0,0,0,0
AL_County_01023,Choctaw ,Population,13859,0,0,0,0,0,0,0,0,0,0,1,0,0,0,0,0,1,0,0,0,1,0,1,0
AL_County_01039,Covington ,Population,37762,0,0,0,0,0,0,0,0,0,0,0,0,0,0,0,0,0,0,0,0,0,0,0,0
AL_County_01061,Geneva ,Population,26790,0,0,0,0,0,0,0,0,0,0,0,0,0,0,0,0,0,0,0,0,0,0,0,0
CA_County_06061,Placer ,Population,348432,0,0,0,0,0,0,0,0,0,0,0,0,0,0,0,0,0,0,0,0,0,0,0,0
CA_County_06069,San Benito ,Population,55269,0,0,0,0,0,0,0,0,0,0,0,0,0,0,0,0,0,0,0,0,0,0,0,0
CA_County_06099,Stanislaus ,Population,514453,0,0,0,0,0,0,0,0,0,0,0,0,0,0,0,0,1,0,0,0,0,0,2,0
CA_County_06101,Sutter ,Population,94737,0,0,0,0,0,0,0,0,0,0,0,0,0,0,0,0,0,0,0,0,0,0,0,0
CT_County_09015,Windham ,Population,118428,0,0,0,0,0,0,0,0,0,0,0,0,0,0,0,0,0,0,0,0,0,0,0,0
FL_County_12013,Calhoun ,Population,14616,0,0,0,0,0,0,0,0,0,0,0,0,0,0,0,0,1,0,0,0,0,0,4,0
FL_County_12023,Columbia ,Population,67531,0,0,0,0,0,0,0,0,0,0,0,0,0,0,0,0,0,0,0,0,0,0,30,0
FL_County_12039,Gadsden ,Population,46389,0,0,0,0,0,0,0,0,0,0,0,0,0,0,0,0,0,0,0,0,0,0,0,0
FL_County_12049,Hardee ,Population,27731,0,0,0,0,0,0,0,0,0,0,0,0,0,0,0,0,0,0,0,0,0,0,1,0
FL_County_12055,Highlands ,Population,98752,0,0,0,0,0,0,0,0,0,0,0,0,0,0,0,0,0,0,0,0,0,0,1,0
FL_County_12063,Jackson ,Population,49746,0,0,0,0,0,0,0,0,0,0,0,0,0,0,0,0,0,0,0,0,0,0,0,0
FL_County_12073,Leon ,Population,275431,0,0,0,0,0,0,0,0,0,0,0,0,0,0,0,0,1,0,0,0,0,0,1197,0.4
FL_County_12079,Madison ,Population,19224,0,0,0,0,0,0,0,0,0,0,0,0,0,0,0,0,0,0,0,0,0,0,0,0
FL_County_12093,Okeechobee ,Population,39996,0,0,0,0,0,0,0,0,0,0,0,0,0,0,0,0,0,0,0,0,0,0,51,0.1
FL_County_12097,Osceola ,Population,267130,0,0,0,0,0,0,0,0,0,0,0,0,0,0,0,0,1,0,0,0,0,0,34,0
FL_County_12121,Suwannee ,Population,41551,0,0,0,0,0,0,0,0,0,0,0,0,0,0,0,0,0,0,0,0,0,0,45,0.1
GA_County_13027,Brooks ,Population,16243,0,0,0,0,0,0,0,0,0,0,0,0,0,0,0,0,0,0,0,0,0,0,0,0
GA_County_13131,Grady ,Population,25011,0,0,0,0,0,0,0,0,0,0,0,0,0,0,0,0,0,0,0,0,0,0,0,0
GA_County_13253,Seminole ,Population,8729,0,0,0,0,0,0,0,0,0,0,0,0,0,0,0,0,0,0,0,0,0,0,0,0
LA_County_22003,Allen ,Population,25764,0,0,0,0,0,0,0,0,0,0,3,0,0,0,0,0,83,0.3,0,0,1,0,256,1
LA_County_22037,East Feliciana ,Population,20267,0,0,0,0,0,0,0,0,0,0,0,0,0,0,0,0,1,0,0,0,0,0,2,0
LA_County_22039,Evangeline ,Population,33984,0,0,0,0,0,0,0,0,0,0,0,0,0,0,0,0,1,0,0,0,0,0,5,0
LA_County_22059,La Salle ,Population,14890,0,0,0,0,0,0,0,0,0,0,0,0,0,0,0,0,0,0,0,0,0,0,0,0
MA_County_25027,Worcester ,Population,798552,0,0,0,0,0,0,0,0,0,0,0,0,0,0,0,0,0,0,0,0,0,0,0,0
MD_County_24027,Howard ,Population,287085,0,0,0,0,0,0,0,0,0,0,0,0,0,0,0,0,0,0,0,0,0,0,0,0
MD_County_24031,Montgomery ,Population,971777,0,0,0,0,0,0,0,0,0,0,0,0,0,0,0,0,0,0,0,0,0,0,0,0
MS_County_28001,Adams ,Population,32297,0,0,0,0,0,0,0,0,0,0,0,0,0,0,0,0,0,0,0,0,0,0,0,0
MS_County_28039,George ,Population,22429,0,0,0,0,0,0,0,0,0,0,0,0,0,0,0,0,0,0,0,0,0,0,1,0
MS_County_28157,Wilkinson ,Population,9878,0,0,0,0,0,0,0,0,0,0,0,0,0,0,0,0,0,0,0,0,0,0,0,0
NC_County_37061,Duplin ,Population,58503,0,0,0,0,0,0,0,0,0,0,0,0,0,0,0,0,0,0,0,0,0,0,102,0.2
NC_County_37065,Edgecombe ,Population,56552,0,0,0,0,0,0,0,0,0,0,1,0,0,0,0,0,1,0,0,0,1,0,7,0
NC_County_37079,Greene ,Population,21362,0,0,0,0,0,0,0,0,0,0,0,0,0,0,0,0,1,0,0,0,0,0,3,0
NC_County_37083,Halifax ,Population,54691,0,0,0,0,0,0,0,0,0,0,0,0,0,0,0,0,1,0,0,0,0,0,1,0
NC_County_37085,Harnett ,Population,114678,0,0,0,0,0,0,0,0,0,0,0,0,0,0,0,0,0,0,0,0,0,0,0,0
NC_County_37101,Johnston ,Population,168878,0,0,0,0,0,0,0,0,0,0,0,0,0,0,0,0,0,0,0,0,0,0,0,0
NC_County_37127,Nash ,Population,95840,0,0,0,0,0,0,0,0,0,0,0,0,0,0,0,0,0,0,0,0,0,0,0,0
NC_County_37163,Sampson ,Population,63431,0,0,0,0,0,0,0,0,0,0,0,0,0,0,0,0,2,0,0,0,0,0,16,0
NC_County_37195,Wilson ,Population,81187,0,0,0,0,0,0,0,0,0,0,0,0,0,0,0,0,0,0,0,0,0,0,0,0
NH_County_33011,Hillsborough ,Population,400721,0,0,0,0,0,0,0,0,0,0,0,0,0,0,0,0,0,0,0,0,0,0,0,0
NJ_County_34019,Hunterdon ,Population,128348,0,0,0,0,0,0,0,0,0,0,0,0,0,0,0,0,0,0,0,0,0,0,0,0
NY_County_36091,Saratoga ,Population,219607,0,0,0,0,0,0,0,0,0,0,0,0,0,0,0,0,35,0,0,0,0,0,177,0.1
OR_County_41067,Washington ,Population,529662,0,0,0,0,0,0,0,0,0,0,0,0,0,0,0,0,0,0,0,0,0,0,0,0
PA_County_42029,Chester ,Population,498886,0,0,0,0,0,0,0,0,0,0,0,0,0,0,0,0,0,0,0,0,0,0,0,0
PA_County_42091,Montgomery ,Population,799874,0,0,0,0,0,0,0,0,0,0,0,0,0,0,0,0,0,0,0,0,0,0,0,0
PA_County_42095,Northampton ,Population,297735,0,0,0,0,0,0,0,0,0,0,0,0,0,0,0,0,0,0,0,0,0,0,0,0
SC_County_45063,Lexington ,Population,262391,0,0,0,0,0,0,0,0,0,0,0,0,0,0,0,0,0,0,0,0,0,0,0,0
SC_County_45075,Orangeburg ,Population,92501,0,0,0,0,0,0,0,0,0,0,0,0,0,0,0,0,0,0,0,0,0,0,0,0
SC_County_45079,Richland ,Population,384504,0,0,0,0,0,0,0,0,0,0,0,0,0,0,0,0,0,0,0,0,0,0,0,0
TX_County_48249,Jim Wells ,Population,40838,0,0,0,0,0,0,0,0,0,0,0,0,0,0,0,0,0,0,0,0,0,0,1,0
TX_County_48481,Wharton ,Population,41280,0,0,0,0,0,0,0,0,0,0,0,0,0,0,0,0,0,0,0,0,0,0,0,0
VA_County_51175,Southampton ,Population,18570,0,0,0,0,0,0,0,0,0,0,0,0,0,0,0,0,0,0,0,0,0,0,0,0
VA_County_51177,Spotsylvania ,Population,122393,0,0,0,0,0,0,0,0,0,0,35,0,0,0,0,0,59,0,0,0,1,0,89,0.1
VA_County_51183,Sussex ,Population,12087,0,0,0,0,0,0,0,0,0,0,0,0,0,0,0,0,0,0,0,0,0,0,0,0
VA_County_51610,Falls Church city,Population,12332,0,0,0,0,0,0,0,0,0,0,0,0,0,0,0,0,0,0,0,0,0,0,0,0
VA_County_51620,Franklin city,Population,8582,0,0,0,0,0,0,0,0,0,0,0,0,0,0,0,0,0,0,0,0,0,0,0,0
VA_County_51630,Fredericksburg city,Population,24286,0,0,0,0,0,0,0,0,0,0,214,0.9,0,0,0,0,314,1.3,0,0,0,0,387,1.6
WA_County_53019,Ferry ,Population,7551,0,0,0,0,0,0,0,0,0,0,0,0,0,0,0,0,0,0,0,0,0,0,0,0
WA_County_53047,Okanogan ,Population,41120,0,0,0,0,0,0,0,0,0,0,0,0,0,0,0,0,0,0,0,0,0,0,0,0
WA_County_53065,Stevens ,Population,43524,0,0,0,0,0,0,0,0,0,0,0,0,0,0,0,0,0,0,0,0,0,0,0,0
